Artists,Song Title
Kanye West,Coldest Winter
XXXTENTACION,vice city
Kanye West,Violent Crimes
Lil Uzi Vert,20 Min
Travis Scott,I KNOW ?
XXXTENTACION,infinity (888) - feat. Joey Bada$$
XXXTENTACION,Riot
Future,Solo
Lil Yachty,running out of time
A$AP Rocky,I Smoked Away My Brain (I'm God x Demons Mashup) (feat. Imogen Heap & Clams Casino)
TV Girl,Lovers Rock
Steve Lacy,Dark Red
Beach House,Space Song
The Weeknd,Sidewalks
Travis Scott,Antidote
The Weeknd,Starboy
Lil Peep,Gym Class
Hoosh,issues
Kanye West,Heard 'Em Say
Don Toliver,NEW DROP
"Tyler, The Creator",48
Frank Ocean,Chanel
"Tyler, The Creator",RUNNING OUT OF TIME
Kanye West,I Wonder
Brent Faiyaz,Been Away
Kanye West,No More Parties In LA
"Tyler, The Creator",Answer
Frank Ocean,Super Rich Kids
"Tyler, The Creator",SMUCKERS (feat. Lil Wayne & Kanye West)
Steve Lacy,Infrunami
"Tyler, The Creator",A BOY IS A GUN*
"Tyler, The Creator",IFHY (feat. Pharrell)
MF DOOM,One Beer
Lil Yachty,drive ME crazy!
Hotel Ugly,Shut up My Moms Calling
Mac DeMarco,For the First Time
TV Girl,Cigarettes out the Window
Mac DeMarco,Moonlight on the River
Travis Scott,MY EYES
Mac DeMarco,Heart To Heart
Steve Lacy,Bad Habit
TV Girl,Blue Hair
4batz,act ii: date @ 8
"Tyler, The Creator",IGOR'S THEME
LUCKI,Randomly
Current Joys,Blondie
Yot Club,YKWIM?
Childish Gambino,III. Urn
TV Girl,Loving Machine
Steve Lacy,Ryd
Westside Gunn,"327 (feat. Tyler, The Creator & Billie Essco)"
Steve Lacy,Helmet
The Smiths,Back to the Old House - 2011 Remaster
Madvillain,Meat Grinder
PARTYNEXTDOOR,Belong to the City
Odd Future,Oldie
Kendrick Lamar,YAH.
Odd Future,White (feat. Frank Ocean)
Tory Lanez,Wish I Never Met You - Prison Tapes
Yung Lean,Ginseng Strip 2002
Yung Lean,Red Bottom Sky
Beach House,Silver Soul
Mac DeMarco,My Kind of Woman
Arctic Monkeys,Why'd You Only Call Me When You're High?
Arctic Monkeys,I Wanna Be Yours
Arctic Monkeys,505
Kanye West,Moon
The Weeknd,After Hours
Eminem,Stan
Frank Ocean,White Ferrari
Lil Peep,Star Shopping
Metro Boomin,Creepin' (with The Weeknd & 21 Savage)
Lil Peep,white tee
Lil Peep,Save That Shit
Lil Peep,nuts
Lil Peep,Falling Down - Bonus Track
Lil Peep,beamer boy
Lil Peep,Benz Truck (гелик)
Lil Peep,ghost boy
Radiohead,No Surprises
The Smiths,Heaven Knows I'm Miserable Now - 2011 Remaster
Kid Cudi,Mr. Rager
MF DOOM,Rhymes Like Dimes
Kanye West,Heartless
A$AP Rocky,"Everyday (feat. Rod Stewart, Miguel & Mark Ronson)"
Juice WRLD,Wasted (feat. Lil Uzi Vert)
Playboi Carti,FlatBed Freestyle
KIDS SEE GHOSTS,Reborn
Tame Impala,The Less I Know The Better
Travis Scott,Impossible
The Weeknd,Timeless (feat. Playboi Carti)
"Tyler, The Creator",Hey Jane
Kanye West,Wolves
XXXTENTACION,Save Me
Frank Ocean,Lost
"Tyler, The Creator",Take Your Mask Off (feat. Daniel Caesar & LaToiya Williams)
Earl Sweatshirt,Sunday (feat. Frank Ocean)
Frank Ocean,Sierra Leone
Kendrick Lamar,Rich Spirit
Kanye West,Spaceship
¥$,530
"Tyler, The Creator",Tomorrow
Juice WRLD,Lean Wit Me
Radiohead,All I Need
Ms. Lauryn Hill,Ex-Factor
Odd Future,"Analog 2 (feat. Tyler, The Creator, Frank Ocean & Sydney Bennett)"
LUCKI,Leave Her
A$AP Rocky,HIGHJACK
Earl Sweatshirt,Chum
SZA,Saturn
Daniel Caesar,Always
The Weeknd,Reminder
XXXTENTACION,bad vibes forever (feat. PnB Rock & Trippie Redd)
Radiohead,High and Dry
Radiohead,Karma Police
Nirvana,About A Girl
Nirvana,Dumb
Nirvana,Come As You Are
Nirvana,Something In The Way
Kanye West,Paranoid
A$AP Rocky,Jukebox Joints (feat. Joe Fox & Kanye West)
TV Girl,Not Allowed
"Tyler, The Creator",PUPPET
A$AP Rocky,L$D
Jordana,Better in the Dark
Frank Ocean,Sweet Life
beabadoobee,the perfect pair
Lil Uzi Vert,XO Tour Llif3
Radiohead,Jigsaw Falling Into Place
Kanye West,Family Business
Outkast,Ms. Jackson
Laufey,From The Start
Freddie Gibbs,1985
Mitski,My Love Mine All Mine
LUCKI,Sunset
LUCKI,Out My Way
XXXTENTACION,Fuck Love
recrafted,Tag
Kanye West,True Love
Ms. Lauryn Hill,Doo Wop (That Thing)
Kendrick Lamar,luther (with sza)
Kendrick Lamar,PRIDE.
Travis Scott,90210 (feat. Kacy Hill)
Kanye West,Devil In A New Dress
Kanye West,Bound 2
Kanye West,Runaway
Kendrick Lamar,DUCKWORTH.
Kanye West,Flashing Lights
PinkPantheress,Pain
MF DOOM,Doomsday
Aaron May,Let Go
Travis Scott,Nightcrawler (feat. Swae Lee & Chief Keef)
PARTYNEXTDOOR,Break from Toronto
Frank Ocean,Nikes
XXXTENTACION,hate will never win
The Kid LAROI,NIGHTS LIKE THIS
Travis Scott,TIL FURTHER NOTICE (feat. James Blake & 21 Savage)
LUCKI,Alternative Outro
Kendrick Lamar,untitled 08 | 09.06.2014.
J. Cole,4 Your Eyez Only
Kanye West,Life Of The Party (with André 3000)
Nas,The World Is Yours
"Tyler, The Creator",Colossus
Kanye West,Gorgeous
Drake,Time Flies
Lil Uzi Vert,Watch This - ARIZONATEARS Pluggnb Remix
Future,PUFFIN ON ZOOTIEZ
Nirvana,Marigold
Radiohead,Let Down
Radiohead,Weird Fishes / Arpeggi
Radiohead,Just
Radiohead,Nude
Radiohead,Black Star
Eyedress,Romantic Lover
The Smiths,This Night Has Opened My Eyes - 2011 Remaster
Steve Lacy,Atomic Vomit
Daniel Caesar,Japanese Denim
LUCKI,New Drank
LUCKI,Almost Back
LUCKI,Cocaine Woman
LUCKI,Super Urus - Bonus
LUCKI,Starstruck
Steve Lacy,C U Girl
A$AP Rocky,LVL
Steve Lacy,Some
The Alchemist,E. Coli (feat. Earl Sweatshirt)
A$AP Rocky,Purity (feat. Frank Ocean)
A$AP Ferg,"Dreams, Fairytales, Fantasies (feat. Brent Faiyaz & Salaam Remi)"
Drake,Pain 1993 (with Playboi Carti)
A$AP Rocky,Houston Old Head
Juice WRLD,Let Me Know (I Wonder Why Freestyle)
Travis Scott,Drugs You Should Try It
TV Girl,The Blonde
Future,The Percocet & Stripper Joint
Mac Miller,Nikes on My Feet
Khalil?,Zodiac Killer
TV Girl,It Almost Worked
The Notorious B.I.G.,Big Poppa - 2005 Remaster
LUCKI,2021 Vibes
"Tyler, The Creator",Like Him (feat. Lola Young)
"Tyler, The Creator",I Hope You Find Your Way Home
"Tyler, The Creator",Judge Judy
"Tyler, The Creator",Droppin' Seeds (feat. Lil' Wayne)
Kendrick Lamar,heart pt. 6
MF DOOM,Vomitspit
Nas,N.Y. State of Mind
Travis Scott,LOST FOREVER (feat. Westside Gunn)
LUCKI,Geeked
Kendrick Lamar,reincarnated
J. Cole,Ville Mentality
Arctic Monkeys,No. 1 Party Anthem
Future,We Still Don't Trust You
Lil Peep,your favorite dress
SZA,Normal Girl
James Blake,Mile High (feat. Travis Scott & Metro Boomin)
The Rare Occasions,Notion
Gorillaz,November Has Come
Nas,It Ain't Hard to Tell
Kanye West,Good Night
Kanye West,The Glory
Sade,Kiss of Life
Kanye West,Street Lights
"Tyler, The Creator",GROUP B
$NOT,GOSHA
"Tyler, The Creator",911 / Mr. Lonely (feat. Frank Ocean & Steve Lacy)
"Tyler, The Creator","Sticky (feat. GloRilla, Sexyy Red & Lil Wayne)"
"Tyler, The Creator",Balloon (feat. Doechii)
LUCKI,Greed (feat. Lil Yachty)
Future,Type Shit
MF DOOM,THAT'S THAT
Lil Yachty,A Cold Sunday
Mac Miller,Hurt Feelings
Juice WRLD,Party By Myself
Kroka Koka,Zelda
Lelosa,Avirex
Juice WRLD,Misfit
Juice WRLD,Cuffed
Lil Uzi Vert,The Way Life Goes (feat. Oh Wonder)
LUCKI,RIP
LUCKI,No Bap
LUCKI,KAPITOL DENIM
LUCKI,Heavy On My Heart
LUCKI,Poker Face
Earl Sweatshirt,All In
LUCKI,Don't You Love Me
LUCKI,Me Myself & I
LUCKI,BIGGAVEL
LUCKI,At Night
LUCKI,Goku
LUCKI,2012 Summer
LUCKI,COINCIDENCE
Boondawg,GANGSIGNS RMX
Lelosa,Yappa Yappa
Lelosa,Geld Macht Definitiv Glücklich
LUCKI,13
₉⁹₉,irony
dxsan,Abyss
alive,Abyss
Abyss,Red Dead Redemption
woockhaardt,Sip Slow
b9na,Ribbit
444Vlone,Sexual Healing
"Maitchhh, Ion999",Let Her Leave
"Tyler, The Creator",I DON'T LOVE YOU ANYMORE
Lil Peep,nothing to u
Boondawg,TONY STARK
Boondawg,BLU RAY
Kanye West,Saint Pablo
Sonder,What You Heard
Mac Miller,Fight the Feeling (feat. Kendrick Lamar & Iman Omari)
Future,Codeine Crazy
Future,Throw Away
Joey Bada$$,Righteous Minds
A$AP Rocky,Peso
Travis Scott,COFFEE BEAN
Travis Scott,TELEKINESIS (feat. SZA & Future)
berlioz,jazz is for ordinary people
9zy,Universe At 9PM
Sharkey,Sessions
Drake,7969 Santa
Solange,Almeda
Kanye West,White Dress
Lyn,Life Will Change
Lyn,Beneath the Mask
Doechii,DENIAL IS A RIVER
Doechii,CATFISH
Ab-Soul,"I, Myself & Me"
Isaiah Rashad,Wat U Sed (feat. Doechii & Kal Banx)
Doechii,DEATH ROLL
Doechii,This Bitch Matters
Doechii,Bills
Paris Texas,FORCE OF HABIT
Paris Texas,RökKOut
Bien et Toi,So Long
Paris Texas,BETTER DAYS
Lil Peep,"i crash, u crash"
ROSÉ,APT.
SZA,What Do I Do
"Tyler, The Creator",Lights On (feat. Ryan Beatty & Santigold)
SZA,30 For 30 (with Kendrick Lamar)
SZA,BMF
SZA,Diamond Boy (DTM)
SZA,Kitchen
SZA,Drive
SZA,Saturn - Live
Kanye West,Christmas In Harlem
Lyn,No More What Ifs
makko,Pueblo
Lyn,Last Surprise
Souly,Bossbaby Intro
Lelosa,Blithe
Playboi Carti,BACKR00MS (feat. Travis Scott)
Playboi Carti,Ketamine
,Playboi Carti - H00DBYAIR (Official Music Video) 4K [ ezmp3.cc ]
"Tyler, The Creator",THAT GUY
Juice WRLD,Stay High
Gotts Street Park,Mountains
ENNY,Charge It
ENNY,No More Naija Men
The Silhouettes Project,For South
21 Savage,should've wore a bonnet
Eazy-E,No More ?'s
21 Savage,prove it
Playboi Carti,Poke It Out (with Nicki Minaj)
Beyoncé,Deja Vu (feat. JAY-Z)
4batz,act iii: on god? (she like) (feat. Kanye West) - remix
藤田真由美,Pull the Trigger
Kanye West,Love Lockdown
The Silhouettes Project,Council Juice
Little Simz,Two Worlds Apart
¥$,RIVER
SZA,Pretty Little Birds (feat. Isaiah Rashad)
Mac Miller,Congratulations (feat. Bilal)
Lil Peep,feelz
SZA,Crybaby
Tame Impala,Feels Like We Only Go Backwards
平田志穂子,"Heartbeat, Heartbreak"
Miki Matsubara,Mayonaka no Door / Stay With Me
Minako Yoshida,チョッカイ
MF DOOM,ANGELZ
"Tyler, The Creator",Peach Fuzz
LAUSSE THE CAT,Redstripe Rhapsody
Yakob Dye,Difference
Brent Faiyaz,ALL MINE
JPEGMAFIA,either on or off the drugs
detahjae,Janice
detahjae,Word to Valentine.
detahjae,the world is yours.
detahjae,Abyss
detahjae,dreams come true.
Lil Peep,kisses in the wind
Boldy James,Yokohama Slim
MF DOOM,Lavender Buds
CHASETHEMONEY,Of Course You Won't
Ego,Wok
Future,WAIT FOR U (feat. Drake & Tems)
Thundercat,Walk On By
Thundercat,Dragonball Durag
MAVI,Sense
Westside Gunn,Freestyle
SZA,Nobody Gets Me
"Tyler, The Creator",Boredom (feat. Rex Orange County & Anna of the North)
Mac Miller,5 Dollar Pony Rides
Mac Miller,Friendly Hallucinations
Mac Miller,Stoned
Mac Miller,Shangri-La
Mac Miller,Funny Papers
Lyn,Axe to Grind
XXXTENTACION,let's pretend we're numb
Ethereal,Beef
Frank Ocean,Provider
平田志穂子,Heaven
Travis Scott,4X4
平田志穂子,Signs Of Love
Kendrick Lamar,hey now (feat. dody6)
Future,SOUTH OF FRANCE - REMIX
Lil Baby,Stuff (feat. Travis Scott)
KAYTRAMINÉ,letstalkaboutit
TV Girl,99.5
SZA,Supermodel
A$AP Rocky,D.M.B.
detahjae,Thought That We Were Just Friends
